pupil_time,eye_id,confidence,norm_pos_x,norm_pos_y,diameter,ellipse_center_x,ellipse_center_y,ellipse_axis_a,ellipse_axis_b,ellipse_angle
0.01814103126525879,0,0.0,0.0,0.0,0.0,0.0,0.0,0.0,0.0,-90.0
0.0675668716430664,0,0.99,1.9899970690409343,1.1253244082132976,79.5220718383789,382.0794372558594,216.06228637695312,78.2215576171875,78.2215576171875,53.19074630737305
0.07333087921142578,0,0.9723086764037703,1.9890751838684082,1.126379172007243,80.17765045166016,381.9024353027344,216.26480102539062,78.61981964111328,78.61981964111328,58.73088836669921
0.0795440673828125,0,0.932657884838676,1.9885855515797932,1.1263365745544434,80.36502075195312,381.8084259033203,216.25662231445312,79.36735534667969,79.36735534667969,69.93833923339844
0.08327698707580566,0,0.8615206037900691,1.9872887134552002,1.127976894378662,81.09442901611328,381.55943298339844,216.57156372070312,79.9301528930664,79.9301528930664,62.692428588867216
0.08691096305847168,0,0.8571251258051618,1.9868579705556233,1.1269539992014568,81.2659683227539,381.4767303466797,216.3751678466797,80.46483612060547,80.46483612060547,62.61120986938477
0.0904688835144043,0,0.9012478042770056,1.9872589111328125,1.1278407573699951,82.0005874633789,381.5537109375,216.54542541503906,81.14209747314453,81.14209747314453,64.82643127441405
0.09402203559875488,0,0.9022759940146727,1.9893277486165364,1.1282175381978352,82.3909912109375,381.950927734375,216.61776733398438,81.74156188964844,81.74156188964844,62.92556762695313
0.0976560115814209,0,0.9231089211158405,1.9860454400380452,1.1252413590749104,84.00462341308594,381.3207244873047,216.0463409423828,82.60602569580078,82.60602569580078,44.80542373657224
0.10127496719360352,0,0.9653675487273858,1.983880917231242,1.1245367527008057,84.6616439819336,380.90513610839844,215.9110565185547,83.37106323242188,83.37106323242188,39.80224227905275
0.10494184494018555,0,0.6291476742418115,1.954651912053426,1.0850091775258381,75.28624725341797,375.2931671142578,208.32176208496094,70.38270568847656,70.38270568847656,94.90637969970702
0.11134600639343262,0,0.6146640327145315,1.6435295740763347,1.1165618101755779,47.72261428833008,315.55767822265625,214.37986755371094,28.77914810180664,28.77914810180664,155.01205444335938
0.12462496757507324,0,0.7618924754245233,1.6775226593017578,1.1207997798919678,83.7073974609375,322.0843505859375,215.1935577392578,78.35025024414062,78.35025024414062,11.455023765563972
0.13117384910583496,0,0.8730488483956265,1.6735048294067383,1.1222160657246907,84.60196685791016,321.31292724609375,215.46548461914062,78.83348083496094,78.83348083496094,4.547544002532958
0.13571691513061523,0,0.8582836664600535,1.6697475115458171,1.121650218963623,84.69048309326172,320.5915222167969,215.35684204101562,79.52488708496094,79.52488708496094,3.513538599014287
0.13994288444519043,0,0.8740517988349943,1.668306032816569,1.1228148142496746,84.97830200195312,320.31475830078125,215.5804443359375,79.81450653076172,79.81450653076172,2.724223613739016
0.1440598964691162,0,0.9005147672485236,1.6672681172688801,1.122735818227132,85.22999572753906,320.115478515625,215.56527709960938,79.5788803100586,79.5788803100586,0.45741474628448864
0.1481008529663086,0,0.8584793508672917,1.6731554667154949,1.1252357959747314,85.61540222167969,321.245849609375,216.04527282714844,78.77449798583984,78.77449798583984,175.98538208007812
0.15213704109191895,0,0.0,1.9734307130177815,1.1938281059265137,61.24663162231445,378.89869689941406,229.21499633789062,55.39426803588867,55.39426803588867,85.56871795654295
0.16832804679870605,0,0.0,0.0,0.0,0.0,0.0,0.0,0.0,0.0,-90.0
0.17159795761108398,0,0.0,2.2965825398763022,1.1239953835805256,86.73953247070312,440.94384765625,215.80711364746094,86.12399291992188,86.12399291992188,100.27883911132811
0.17850708961486816,0,1.0,2.29675022761027,1.1270726521809895,86.7957763671875,440.9760437011719,216.39794921875,85.07621765136719,85.07621765136719,17.111328124999996
0.18223810195922852,0,1.0,2.29567543665568,1.1294609705607097,86.96275329589844,440.7696838378906,216.85650634765625,84.24847412109375,84.24847412109375,13.910733222961426
0.1858808994293213,0,1.0,2.295217196146647,1.132227102915446,87.63330841064453,440.68170166015625,217.38760375976562,84.95035552978516,84.95035552978516,23.435977935791023
0.18955492973327637,0,1.0,2.294191360473633,1.1333558559417725,87.8864517211914,440.4847412109375,217.6043243408203,84.1669921875,84.1669921875,25.3329963684082
0.19325494766235352,0,1.0,2.2923049926757812,1.1340729395548503,88.27677154541016,440.12255859375,217.74200439453125,84.48627471923828,84.48627471923828,25.810750961303714
0.1968998908996582,0,1.0,2.291349728902181,1.1346384684244792,87.74029541015625,439.93914794921875,217.8505859375,84.39292907714844,84.39292907714844,26.663600921630866
0.20057201385498047,0,1.0,2.291213353474935,1.1357169151306152,87.62242889404297,439.9129638671875,218.05764770507812,84.15884399414062,84.15884399414062,29.669729232788086
0.20426082611083984,0,1.0,2.2912440299987793,1.1360706488291423,87.60447692871094,439.9188537597656,218.1255645751953,83.70317077636719,83.70317077636719,31.714790344238278
0.20793390274047852,0,1.0,2.290494441986084,1.1359371344248455,87.39546966552734,439.7749328613281,218.0999298095703,84.02650451660156,84.02650451660156,32.586490631103516
0.21169304847717285,0,1.0,2.2900338172912598,1.138356367746989,87.25860595703125,439.6864929199219,218.56442260742188,83.76268005371094,83.76268005371094,33.820293426513686
0.21558189392089844,0,1.0,2.2897899945576987,1.1392357349395752,87.37606811523438,439.6396789550781,218.73326110839844,84.02322387695312,84.02322387695312,34.50203704833984
0.22106099128723145,0,1.0,2.28991429011027,1.1410798231760662,87.26497650146484,439.6635437011719,219.0873260498047,83.93980407714844,83.93980407714844,33.01474380493166
0.22588300704956055,0,0.99,2.363931973775228,1.1291533311208088,85.75568389892578,453.87493896484375,216.7974395751953,82.31417083740234,82.31417083740234,10.333847999572761
0.23067498207092285,0,1.0,2.367401440938314,1.1325645446777344,87.26005554199219,454.54107666015625,217.452392578125,82.21064758300781,82.21064758300781,22.698617935180664
0.23484492301940918,0,1.0,2.366600513458252,1.1338835557301838,87.05076599121094,454.3872985839844,217.7056427001953,81.86383819580078,81.86383819580078,24.07811164855957
0.23940682411193848,0,1.0,2.3657100995381675,1.1343488693237305,86.92534637451172,454.2163391113281,217.79498291015625,81.24352264404297,81.24352264404297,25.5693359375
0.24314188957214355,0,1.0,2.3655916849772134,1.135717550913493,86.64521026611328,454.193603515625,218.05776977539062,81.64991760253906,81.64991760253906,27.68634414672854
0.2480940818786621,0,1.0,2.365846316019694,1.136465072631836,86.73058319091797,454.24249267578125,218.2012939453125,81.23555755615234,81.23555755615234,23.850072860717773
0.2522728443145752,0,1.0,2.364497661590576,1.1370410919189453,86.48930358886719,453.9835510253906,218.3118896484375,81.14813232421875,81.14813232421875,21.118696212768555
0.25606799125671387,0,1.0,2.3626631100972495,1.138825496037801,86.4266357421875,453.6313171386719,218.6544952392578,81.38334655761719,81.38334655761719,23.976976394653324
0.2605419158935547,0,1.0,2.353759288787842,1.1383806864420574,86.84345245361328,451.9217834472656,218.569091796875,80.96765899658203,80.96765899658203,36.98765945434568
0.26433801651000977,0,0.0,2.291195869445801,1.1159927050272624,88.54350280761719,439.90960693359375,214.27059936523438,85.66886138916016,85.66886138916016,108.82784271240234
0.2730748653411865,0,0.99,2.276644547780355,1.1187208493550618,85.68649291992188,437.1157531738281,214.79440307617188,82.71730041503906,82.71730041503906,17.896831512451172
0.27823901176452637,0,1.0,2.276536464691162,1.1197847525278728,85.25862121582031,437.0950012207031,214.99867248535156,82.69515228271484,82.69515228271484,22.72950172424316
0.2825930118560791,0,1.0,2.2756802241007485,1.1205525398254395,85.22801208496094,436.93060302734375,215.14608764648438,82.64347076416016,82.64347076416016,29.65116119384766
0.2871840000152588,0,1.0,2.2755839029947915,1.121298869450887,85.08934020996094,436.912109375,215.2893829345703,82.47380065917969,82.47380065917969,31.451122283935554
0.2929060459136963,0,1.0,2.275705337524414,1.1207801500956218,84.66963195800781,436.9354248046875,215.18978881835938,81.66964721679688,81.66964721679688,21.8092975616455
0.2968459129333496,0,1.0,2.276970068613688,1.1216917037963867,84.10120391845703,437.1782531738281,215.36480712890625,81.67345428466797,81.67345428466797,23.816822052001946
0.3012821674346924,0,1.0,2.2773919105529785,1.1208610534667969,83.9275894165039,437.2592468261719,215.205322265625,81.59748077392578,81.59748077392578,20.930236816406257
0.3057370185852051,0,1.0,2.2785464922587075,1.1220300197601318,84.1086654663086,437.4809265136719,215.4297637939453,81.62162780761719,81.62162780761719,20.70718383789063
0.31006908416748047,0,1.0,2.2778876622517905,1.1221832434336345,84.28429412841797,437.35443115234375,215.4591827392578,81.69013214111328,81.69013214111328,21.955877304077152
0.3139989376068115,0,1.0,2.2775789896647134,1.1221191088358562,84.27961730957031,437.295166015625,215.44686889648438,81.90036010742188,81.90036010742188,24.805604934692383
0.31836390495300293,0,0.99,2.3134077390034995,1.112308184305827,83.21965026855469,444.1742858886719,213.56317138671875,82.17545318603516,82.17545318603516,161.81198120117185
0.3231499195098877,0,0.0,0.0,0.0,0.0,0.0,0.0,0.0,0.0,-90.0
0.32784581184387207,0,0.0,0.0,0.0,0.0,0.0,0.0,0.0,0.0,-90.0
0.3345191478729248,0,0.0,0.0,0.0,0.0,0.0,0.0,0.0,0.0,-90.0
0.3386671543121338,0,0.0,0.0,0.0,0.0,0.0,0.0,0.0,0.0,-90.0
0.34387993812561035,0,0.0,0.0,0.0,0.0,0.0,0.0,0.0,0.0,-90.0
0.3493809700012207,0,0.0,0.0,0.0,0.0,0.0,0.0,0.0,0.0,-90.0
0.35499095916748047,0,0.0,0.0,0.0,0.0,0.0,0.0,0.0,0.0,-90.0
0.3608357906341553,0,0.0,0.0,0.0,0.0,0.0,0.0,0.0,0.0,-90.0
0.3657848834991455,0,0.99,2.5312581062316895,0.9783688386281332,84.47367858886719,486.0015563964844,187.84681701660156,75.46685028076172,75.46685028076172,159.7258453369141
0.3728468418121338,0,0.0,0.0,0.0,0.0,0.0,0.0,0.0,0.0,-90.0
0.3789980411529541,0,0.0,0.0,0.0,0.0,0.0,0.0,0.0,0.0,-90.0
0.38611507415771484,0,0.0,0.0,0.0,0.0,0.0,0.0,0.0,0.0,-90.0
0.39438891410827637,0,0.5734602672967776,2.6652092933654785,0.8206507364908854,84.39561462402344,511.7201843261719,157.56494140625,61.218841552734375,61.218841552734375,148.28976440429685
0.4024209976196289,0,0.5112545832105404,2.667179902394613,0.8226799170176188,84.03250885009766,512.0985412597656,157.9545440673828,62.20663833618164,62.20663833618164,150.52642822265625
0.40651798248291016,0,0.5863374673854906,2.6671358744303384,0.8244352340698242,84.15917205810547,512.090087890625,158.29156494140625,63.16041564941406,63.16041564941406,151.93182373046875
0.4105081558227539,0,0.5601131961622912,2.6654580434163413,0.8245797952016195,84.86628723144531,511.7679443359375,158.31932067871094,64.376953125,64.376953125,153.96412658691406
0.4141390323638916,0,0.8187948297247942,2.663975238800049,0.8258062998453776,84.53791046142578,511.4832458496094,158.5548095703125,65.52411651611328,65.52411651611328,155.98666381835932
0.41773295402526855,0,0.8806812938767692,2.66304349899292,0.8275299072265625,83.95903015136719,511.3043518066406,158.8857421875,65.52565002441406,65.52565002441406,157.56924438476562
0.42145586013793945,0,1.0,2.661315123240153,0.8275129795074463,82.93882751464844,510.9725036621094,158.8824920654297,65.03461456298828,65.03461456298828,156.11384582519528
0.4251430034637451,0,1.0,2.6590423583984375,0.8269439538319906,83.90068817138672,510.5361328125,158.7732391357422,64.94171905517578,64.94171905517578,155.2271270751953
0.42877697944641113,0,0.9658164330509109,2.657920996348063,0.8285725116729736,83.72331237792969,510.3208312988281,159.08592224121094,65.05953979492188,65.05953979492188,154.98678588867188
0.432506799697876,0,0.6603546697320342,2.6522725423177085,0.8936300277709961,63.28969192504883,509.236328125,171.57696533203125,59.10990524291992,59.10990524291992,107.54690551757814
0.440201997756958,0,0.0,0.0,0.0,0.0,0.0,0.0,0.0,0.0,-90.0
0.4451100826263428,0,0.99,2.3471028010050454,1.0862170855204265,87.10423278808594,450.64373779296875,208.55368041992188,80.02102661132812,80.02102661132812,3.6876883506774947
0.4518468379974365,0,0.7344353128036403,2.350974718729655,1.0877706209818523,86.67658233642578,451.38714599609375,208.85195922851562,80.23988342285156,80.23988342285156,177.67395019531253
0.4563121795654297,0,0.8381096311425154,2.3550432523091636,1.0910322666168213,85.88126373291016,452.1683044433594,209.4781951904297,80.1146240234375,80.1146240234375,177.54420471191406
0.46035099029541016,0,0.9393577035565386,2.3577359517415366,1.0942756334940593,86.14250946044922,452.685302734375,210.10092163085938,80.12749481201172,80.12749481201172,177.51043701171875
0.46440815925598145,0,0.9602043254492543,2.360051949818929,1.096852461496989,86.36341094970703,453.1299743652344,210.59567260742188,80.48296356201172,80.48296356201172,178.50611877441403
0.46844911575317383,0,1.0,2.361782709757487,1.0986432234446208,86.4243392944336,453.4622802734375,210.9394989013672,80.8679428100586,80.8679428100586,177.74609375
0.4725661277770996,0,0.9876808541203275,2.3628859519958496,1.1015127499898274,86.52615356445312,453.6741027832031,211.49044799804688,80.70243072509766,80.70243072509766,0.3957606256008175
0.47660017013549805,0,0.9115396421535711,2.315980911254883,1.1384835243225098,88.31538391113281,444.6683349609375,218.58883666992188,82.03648376464844,82.03648376464844,13.783806800842294
0.48910999298095703,0,1.0,2.315347194671631,1.1436199347178142,87.24440002441406,444.5466613769531,219.5750274658203,82.23319244384766,82.23319244384766,10.576686859130865
0.4936027526855469,0,1.0,2.3151933352152505,1.1435035069783528,87.54774475097656,444.5171203613281,219.55267333984375,82.36259460449219,82.36259460449219,8.91694927215576
0.4977560043334961,0,1.0,2.3153894742329917,1.1438202857971191,87.15927124023438,444.5547790527344,219.61349487304688,82.53217315673828,82.53217315673828,8.516542434692385
0.5019369125366211,0,1.0,2.3154794375101724,1.1456363995869954,87.64179992675781,444.5720520019531,219.96218872070312,82.70525360107422,82.70525360107422,7.978621006011957
0.5064380168914795,0,1.0,2.315956433614095,1.1457008520762126,87.67994689941406,444.66363525390625,219.9745635986328,82.80778503417969,82.80778503417969,6.139006614685064
0.5110001564025879,0,1.0,2.3175676663716636,1.1459959348042805,88.14366912841797,444.9729919433594,220.03121948242188,83.494140625,83.494140625,9.242031097412111
0.5154540538787842,0,1.0,2.3180955251057944,1.1466573079427083,88.35863494873047,445.0743408203125,220.158203125,84.00439453125,84.00439453125,10.175186157226566
0.5198538303375244,0,1.0,2.318116029103597,1.1461853981018066,88.80262756347656,445.0782775878906,220.06759643554688,83.84124755859375,83.84124755859375,10.493580818176264
0.5242629051208496,0,1.0,2.316868782043457,1.146175781885783,88.97309875488281,444.83880615234375,220.0657501220703,84.05073547363281,84.05073547363281,10.242100715637205
0.5285849571228027,0,1.0,2.3165206909179688,1.1457279523213704,88.7415771484375,444.77197265625,219.97976684570312,84.3065414428711,84.3065414428711,10.053489685058596
0.5327129364013672,0,1.0,2.316638469696045,1.1442594528198242,88.8846664428711,444.7945861816406,219.69781494140625,84.4295654296875,84.4295654296875,6.793399333953852
0.5368378162384033,0,0.7452672565046634,2.253617286682129,1.1591964562733967,89.4179458618164,432.69451904296875,222.5657196044922,83.94485473632812,83.94485473632812,32.69132232666015
0.5470449924468994,0,0.7373972244044439,2.0312294165293374,1.161202351252238,90.30036926269531,389.9960479736328,222.9508514404297,83.1561050415039,83.1561050415039,48.34537887573244
0.5568149089813232,0,0.48988879010882597,1.7375036080678303,1.1395872831344604,31.383502960205078,333.60069274902344,218.8007583618164,11.870119094848633,11.870119094848633,175.07766723632812
0.5624110698699951,0,0.0,0.0,0.0,0.0,0.0,0.0,0.0,0.0,-90.0
0.5654301643371582,0,0.0,0.0,0.0,0.0,0.0,0.0,0.0,0.0,-90.0
0.5707590579986572,0,0.978118948281167,1.0224910179773967,1.1944559415181477,15.018438339233398,196.31827545166016,229.33554077148438,7.846708297729492,7.846708297729492,36.9546546936035
0.5910029411315918,0,0.0,0.0,0.0,0.0,0.0,0.0,0.0,0.0,-90.0
0.5963888168334961,0,0.7440775305755297,2.0032225449879966,0.9339422384897867,27.276905059814453,384.6187286376953,179.31690979003906,14.523772239685059,14.523772239685059,169.36007690429688
0.600383996963501,0,0.78110905227048,0.9042584300041199,1.1532911856969197,14.23953628540039,173.61761856079102,221.4319076538086,7.180412292480469,7.180412292480469,20.125364303588874
0.6047580242156982,0,0.0,0.0,0.0,0.0,0.0,0.0,0.0,0.0,-90.0
0.609299898147583,0,0.0,0.0,0.0,0.0,0.0,0.0,0.0,0.0,-90.0
0.6135990619659424,0,0.0,0.0,0.0,0.0,0.0,0.0,0.0,0.0,-90.0
0.6163299083709717,0,0.0,0.0,0.0,0.0,0.0,0.0,0.0,0.0,-90.0
0.6237020492553711,0,0.9015846603273788,0.9414193630218506,0.9938071171442667,18.897586822509766,180.7525177001953,190.81096649169922,9.212493896484375,9.212493896484375,78.67308807373045
0.6366379261016846,0,0.7417574900500342,1.2576910654703777,1.2199114163716633,78.44532775878906,241.4766845703125,234.22299194335938,52.43052291870117,52.43052291870117,166.4975891113281
0.6475961208343506,0,0.99,0.9455572764078776,0.9811828931172689,20.907344818115234,181.5469970703125,188.38711547851562,12.34203052520752,12.34203052520752,80.67266082763672
0.6525368690490723,0,0.873152582306929,0.9486571947733561,0.9754925966262817,22.731197357177734,182.14218139648438,187.2945785522461,12.038287162780762,12.038287162780762,79.77436828613281
0.6567859649658203,0,0.6026984284256982,1.2496065298716228,1.1748878955841064,97.90461730957031,239.92445373535156,225.57847595214844,56.7280158996582,56.7280158996582,170.14276123046875
0.6683919429779053,0,0.0,0.0,0.0,0.0,0.0,0.0,0.0,0.0,-90.0
0.6712698936462402,0,0.6297377635684924,1.229844292004903,1.0474331378936768,78.24098205566406,236.1301040649414,201.10716247558594,55.21768569946289,55.21768569946289,3.62826132774353
0.6769709587097168,0,0.7453405650864595,1.2142008145650227,0.932957649230957,41.378173828125,233.12655639648438,179.12786865234375,33.582698822021484,33.582698822021484,68.41829681396484
0.6880121231079102,0,0.37145095330370737,1.2125407854715984,0.9343749682108561,41.1920166015625,232.80783081054688,179.39999389648438,32.45861053466797,32.45861053466797,75.14076232910155
0.6916501522064209,0,0.45468287748090574,1.2094003359476726,0.9373784065246582,41.03974533081055,232.20486450195312,179.97665405273438,32.075801849365234,32.075801849365234,76.6891860961914
0.6951570510864258,0,0.5365723468969108,1.2084205150604248,0.94038987159729,41.94865798950195,232.01673889160156,180.5548553466797,32.95832824707031,32.95832824707031,76.93748474121095
0.6987159252166748,0,0.6884538212203495,1.207777976989746,0.9443469047546387,43.050601959228516,231.89337158203125,181.31460571289062,33.29087829589844,33.29087829589844,71.44463348388672
0.7022979259490967,0,0.5915012349902936,1.2892086505889893,0.9746170043945312,56.006465911865234,247.52806091308594,187.12646484375,52.672035217285156,52.672035217285156,49.81951522827148
0.7128829956054688,0,0.0,0.0,0.0,0.0,0.0,0.0,0.0,0.0,-90.0
0.7191410064697266,0,0.0,0.0,0.0,0.0,0.0,0.0,0.0,0.0,-90.0
0.7227978706359863,0,0.0,0.0,0.0,0.0,0.0,0.0,0.0,0.0,-90.0
0.7260570526123047,0,0.5738639921483134,2.2396181424458823,1.0949260393778484,84.94050598144531,430.0066833496094,210.22579956054688,74.64059448242188,74.64059448242188,70.33667755126953
0.7398409843444824,0,0.0,0.0,0.0,0.0,0.0,0.0,0.0,0.0,-90.0
0.7481999397277832,0,0.9471160439253912,2.3564953804016113,1.1534778277079265,87.22492218017578,452.4471130371094,221.46774291992188,82.12262725830078,82.12262725830078,17.993431091308594
0.758155107498169,0,1.0,2.3545071283976235,1.1564031442006428,87.39105224609375,452.06536865234375,222.02940368652344,82.55694580078125,82.55694580078125,23.065143585205075
0.7623319625854492,0,1.0,2.3518447875976562,1.1601812839508057,88.868896484375,451.55419921875,222.7548065185547,83.5914077758789,83.5914077758789,20.53148460388184
0.7659928798675537,0,1.0,2.3521782557169595,1.1622544924418132,88.87445831298828,451.61822509765625,223.15286254882812,83.81671905517578,83.81671905517578,19.851379394531254
0.7696897983551025,0,1.0,2.351405302683512,1.1631825764973958,88.78117370605469,451.4698181152344,223.3310546875,84.03689575195312,84.03689575195312,21.89593696594239
0.7749528884887695,0,1.0,2.3509559631347656,1.1636280218760173,88.13411712646484,451.383544921875,223.4165802001953,84.00093078613281,84.00093078613281,22.411176681518562
0.7790348529815674,0,1.0,2.3488834698994956,1.1650997797648113,88.15792083740234,450.9856262207031,223.69915771484375,84.05391693115234,84.05391693115234,21.49431610107423
0.7831711769104004,0,0.9092803594527457,2.306354204813639,1.1453234354654949,87.14820098876953,442.82000732421875,219.902099609375,82.24925231933594,82.24925231933594,40.71511840820312
0.7913730144500732,0,0.8256649282587925,2.1839749018351235,1.0321531295776367,87.75447082519531,419.32318115234375,198.17340087890625,84.16850280761719,84.16850280761719,67.2632598876953
0.8020670413970947,0,0.7647983679764576,2.0220511754353843,0.9026870727539062,85.20677947998047,388.23382568359375,173.31591796875,78.71209716796875,78.71209716796875,73.17810058593751
0.8150851726531982,0,0.7288123158746843,1.8534130255381267,0.800175666809082,82.41931915283203,355.8553009033203,153.63372802734375,73.8193588256836,73.8193588256836,48.716907501220696
0.8254609107971191,0,0.0,0.0,0.0,0.0,0.0,0.0,0.0,0.0,-90.0
0.8289339542388916,0,0.0,0.0,0.0,0.0,0.0,0.0,0.0,0.0,-90.0
0.8325550556182861,0,0.0,0.0,0.0,0.0,0.0,0.0,0.0,0.0,-90.0
0.8351061344146729,0,0.418892996956591,1.4899239540100098,0.7403448422749838,45.6221923828125,286.0653991699219,142.14620971679688,24.143856048583984,24.143856048583984,62.804618835449226
0.8396508693695068,0,0.7182354233572551,1.5636958281199138,0.6867912610371908,16.15512466430664,300.22959899902344,131.86392211914062,14.85405158996582,14.85405158996582,0.2157787680625828
0.8434469699859619,0,0.4742310127832501,1.5029126008351643,0.765873114267985,52.59949493408203,288.55921936035156,147.04763793945312,48.03054428100586,48.03054428100586,15.201514244079585
0.8497970104217529,0,0.801722288769828,1.5386447111765544,0.6959656079610189,15.906548500061035,295.41978454589844,133.62539672851562,11.727510452270508,11.727510452270508,93.49845886230469
0.856442928314209,0,0.904636073939443,1.5379288991292317,0.6975444157918295,16.180330276489258,295.2823486328125,133.92852783203125,11.804563522338867,11.804563522338867,87.24556732177736
0.8597240447998047,0,0.8692557345042928,1.5326830546061199,0.7002027829488119,18.622133255004883,294.275146484375,134.43893432617188,11.577241897583008,11.577241897583008,74.64825439453124
0.8630239963531494,0,0.8345262780030396,1.528680721918742,0.702103058497111,20.422563552856445,293.50669860839844,134.8037872314453,11.924615859985352,11.924615859985352,71.9863510131836
0.8663628101348877,0,0.9131411163190961,1.525959889094035,0.704816738764445,21.439054489135742,292.9842987060547,135.32481384277344,11.7614107131958,11.7614107131958,68.67420196533205
0.8697659969329834,0,0.661005638085129,1.5166162649790447,0.7073047161102295,20.899431228637695,291.19032287597656,135.80250549316406,12.0570707321167,12.0570707321167,66.06040954589845
0.8731729984283447,0,0.0,0.0,0.0,0.0,0.0,0.0,0.0,0.0,-90.0
0.877810001373291,0,0.801712029140569,1.3646495342254639,0.7454553445180258,81.66477966308594,262.01271057128906,143.12742614746094,56.110958099365234,56.110958099365234,35.14552688598632
0.8856809139251709,0,0.884233776618693,1.425228198369344,0.7872742017110189,13.48256778717041,273.64381408691406,151.15664672851562,10.929539680480957,10.929539680480957,49.561187744140625
0.8912231922149658,0,0.0,0.0,0.0,0.0,0.0,0.0,0.0,0.0,-90.0
0.8968138694763184,0,0.9496707459673315,1.4560661315917969,0.6553313334782919,77.99292755126953,279.564697265625,125.82361602783203,60.19778823852539,60.19778823852539,44.39355850219729
0.9041800498962402,0,0.6841507163150792,1.6270537376403809,0.5793889760971069,80.30406951904297,312.3943176269531,111.24268341064453,62.437232971191406,62.437232971191406,75.65116119384764
0.9170739650726318,0,0.7439681911440474,1.8353890577952068,0.5084975957870483,82.22313690185547,352.3946990966797,97.63153839111328,66.2396011352539,66.2396011352539,65.07398986816406
0.9210429191589355,0,0.0,0.0,0.0,0.0,0.0,0.0,0.0,0.0,-90.0
0.9246218204498291,0,0.0,0.0,0.0,0.0,0.0,0.0,0.0,0.0,-90.0
0.9291949272155762,0,0.7786728769447725,2.2143834034601846,0.4616665840148926,89.77108001708984,425.16161346435547,88.63998413085938,67.20817565917969,67.20817565917969,108.26039886474608
0.9446930885314941,0,0.9187073630044554,2.3006415367126465,0.4964901606241862,88.41625213623047,441.7231750488281,95.32611083984375,68.23297119140625,68.23297119140625,111.93692016601562
0.9495759010314941,0,0.7456210026072624,2.331418991088867,0.5210370222727457,86.6330337524414,447.6324462890625,100.03910827636719,65.46156311035156,65.46156311035156,116.41614532470702
0.9529130458831787,0,0.0,0.0,0.0,0.0,0.0,0.0,0.0,0.0,-90.0
0.9571940898895264,0,0.0,2.3297179539998374,0.5359751383463541,87.51622772216797,447.30584716796875,102.9072265625,69.45377349853516,69.45377349853516,116.95133972167969
0.9815218448638916,0,0.8816614512356477,2.292849580446879,0.6956146160761515,90.05545043945312,440.2271194458008,133.5580062866211,83.17256164550781,83.17256164550781,142.97044372558594
1.0023469924926758,0,0.5393324178533571,2.222802003224691,0.8203355471293131,80.22222900390625,426.7779846191406,157.50442504882812,60.75078201293945,60.75078201293945,74.49076080322267
1.0099070072174072,0,0.0,0.0,0.0,0.0,0.0,0.0,0.0,0.0,-90.0
1.026425838470459,0,0.7785014091235929,2.172626177469889,0.9169015089670817,89.40899658203125,417.14422607421875,176.0450897216797,84.74053192138672,84.74053192138672,100.97920227050781
1.037919044494629,0,0.9567965197056765,2.168740431467692,0.9115652243296305,89.0853271484375,416.3981628417969,175.02052307128906,86.69779205322266,86.69779205322266,97.11871337890624
1.042780876159668,0,1.0,2.1668259302775064,0.9075371424357096,89.39605712890625,416.03057861328125,174.24713134765625,87.43159484863281,87.43159484863281,94.24854278564453
1.0471320152282715,0,1.0,2.166592597961426,0.906639019648234,89.42669677734375,415.98577880859375,174.07469177246094,87.63651275634766,87.63651275634766,89.75978088378905
1.0513899326324463,0,1.0,2.1667984326680503,0.9034298261006674,88.98686981201172,416.0252990722656,173.45852661132812,86.9459228515625,86.9459228515625,91.04183959960936
1.0556490421295166,0,1.0,2.1677934328715005,0.9029885133107504,88.98948669433594,416.2163391113281,173.37379455566406,86.20852661132812,86.20852661132812,92.94652557373047
1.0600230693817139,0,1.0,2.169122854868571,0.9021329879760742,87.38986206054688,416.4715881347656,173.20953369140625,85.14545440673828,85.14545440673828,89.82602691650392
1.064314842224121,0,0.0,0.0,0.0,0.0,0.0,0.0,0.0,0.0,-90.0
1.0721149444580078,0,0.6835581906824926,1.8805206616719563,1.111444632212321,50.26095199584961,361.0599670410156,213.39736938476562,28.28963851928711,28.28963851928711,66.92000579833984
1.0790431499481201,0,0.0,0.0,0.0,0.0,0.0,0.0,0.0,0.0,-90.0
1.0828289985656738,0,0.0,0.0,0.0,0.0,0.0,0.0,0.0,0.0,-90.0
1.0872220993041992,0,0.49558237903026914,1.6968175570170085,1.0037856896718342,85.5738525390625,325.7889709472656,192.7268524169922,65.32781982421875,65.32781982421875,16.016653060913082
1.09208083152771,0,0.0,0.0,0.0,0.0,0.0,0.0,0.0,0.0,-90.0
1.0985770225524902,0,0.0,0.0,0.0,0.0,0.0,0.0,0.0,0.0,-90.0
1.1015269756317139,0,0.8740954162326687,1.506665786107381,1.0343060493469238,83.70543670654297,289.2798309326172,198.58676147460938,72.68895721435547,72.68895721435547,15.215402603149421
1.108665943145752,0,0.956991260607758,1.506679852803548,1.0349623362223308,83.38817596435547,289.28253173828125,198.7127685546875,72.07842254638672,72.07842254638672,15.318475723266593
1.1122057437896729,0,0.8124926396027297,1.4899336496988933,1.0331615606943767,82.85626220703125,286.0672607421875,198.3670196533203,72.9091796875,72.9091796875,18.532423019409176
1.1201438903808594,0,0.9097195770849331,1.2556531429290771,0.4248046080271403,12.1742525100708,241.0854034423828,81.56248474121094,9.432408332824707,9.432408332824707,102.39401245117189
1.1298649311065674,0,0.6674563125125133,1.260760227839152,0.42447443803151447,12.880306243896484,242.0659637451172,81.49909210205078,9.72658920288086,9.72658920288086,88.32361602783205
1.1332499980926514,0,0.5826062174865996,1.264069398244222,0.4177643458048503,12.362676620483398,242.70132446289062,80.21075439453125,10.125215530395508,10.125215530395508,85.2934112548828
1.1365950107574463,0,0.7820826813047219,1.2670300801595051,0.41004641850789386,15.613482475280762,243.269775390625,78.72891235351562,10.218751907348633,10.218751907348633,63.77249908447266
1.1399729251861572,0,0.7775060157675284,1.2693547407786052,0.40712571144104004,17.949304580688477,243.7161102294922,78.16813659667969,10.629846572875977,10.629846572875977,60.49224853515626
1.143615961074829,0,0.0,0.0,0.0,0.0,0.0,0.0,0.0,0.0,-90.0
1.1490938663482666,0,0.0,2.005471706390381,1.0293118158976238,75.54705810546875,385.0505676269531,197.62786865234375,69.18403625488281,69.18403625488281,164.10293579101562
1.1539788246154785,0,0.0,2.284864584604899,1.010989745457967,87.40281677246094,438.6940002441406,194.1100311279297,79.99242401123047,79.99242401123047,151.8417510986328
1.1615958213806152,0,0.99,2.390124479929606,1.0197680791219075,87.90596771240234,458.9039001464844,195.79547119140625,85.35240173339844,85.35240173339844,127.93404388427733
1.1819100379943848,0,1.0,2.3905507723490396,1.0258357524871826,88.17251586914062,458.9857482910156,196.96046447753906,84.88365173339844,84.88365173339844,154.5694580078125
1.185987949371338,0,1.0,2.3921569188435874,1.0314178466796875,88.12317657470703,459.29412841796875,198.0322265625,84.62513732910156,84.62513732910156,166.96229553222656
1.189734935760498,0,1.0,2.391413688659668,1.0372227032979329,88.4932632446289,459.15142822265625,199.14675903320312,85.16181945800781,85.16181945800781,165.9441833496094
1.1934888362884521,0,1.0,2.3889614741007485,1.0423252582550049,88.90636444091797,458.68060302734375,200.12644958496094,85.4291763305664,85.4291763305664,173.77407836914062
1.1972670555114746,0,0.9931093644486566,2.3848570187886557,1.0451569557189941,88.78770446777344,457.8925476074219,200.67013549804688,85.6640853881836,85.6640853881836,0.6353225708007891
1.2010068893432617,0,1.0,2.381999651590983,1.0479943752288818,88.50231170654297,457.34393310546875,201.2149200439453,85.9426498413086,85.9426498413086,3.1592037677764937
1.2046821117401123,0,0.4631095039238069,2.387782573699951,1.0529108047485352,89.20722198486328,458.4542541503906,202.15887451171875,85.96509552001953,85.96509552001953,160.63632202148438
1.2096478939056396,0,0.0,2.5111239751180015,1.1683159669240315,89.71128845214844,482.13580322265625,224.31666564941406,81.28739929199219,81.28739929199219,7.866704940795906
1.2344458103179932,0,0.9767723159827923,2.5079218546549478,1.1724979082743328,90.20932006835938,481.52099609375,225.11959838867188,81.09814453125,81.09814453125,8.252170562744146
1.2398889064788818,0,1.0,2.506118138631185,1.1730697949727376,89.34309387207031,481.1746826171875,225.22940063476562,80.60302734375,80.60302734375,16.60159111022949
1.2444889545440674,0,0.9636822766592843,2.505479017893473,1.1718892256418865,89.43388366699219,481.0519714355469,225.0027313232422,81.19084167480469,81.19084167480469,20.144062042236325
1.2499010562896729,0,0.6316629060299432,2.5084939002990723,1.2524150212605794,97.28007507324219,481.6308288574219,240.46368408203125,78.59667205810547,78.59667205810547,2.9820141792297385
1.266875982284546,0,0.0,0.0,0.0,0.0,0.0,0.0,0.0,0.0,-90.0
1.2709779739379883,0,0.695485921366868,2.438699722290039,1.6195327440897624,87.54499053955078,468.2303466796875,310.9502868652344,60.412078857421875,60.412078857421875,51.77656173706054
1.2807259559631348,0,0.6966815532802092,2.2360249360402427,1.2843094666798909,23.600048065185547,429.31678771972656,246.58741760253906,10.847078323364258,10.847078323364258,176.66343688964844
1.2853639125823975,0,0.7060470919612928,2.2584875424702964,1.3300439914067586,22.226457595825195,433.6296081542969,255.36844635009766,11.102084159851074,11.102084159851074,175.1104888916015
1.296895980834961,0,0.0,0.0,0.0,0.0,0.0,0.0,0.0,0.0,-90.0
1.3072988986968994,0,0.99,2.293761730194092,1.4099031289418538,14.619880676269531,440.4022521972656,270.70140075683594,10.551725387573242,10.551725387573242,13.269345283508308
1.320943832397461,0,0.99,2.3028364181518555,1.4302664995193481,14.88520336151123,442.14459228515625,274.61116790771484,10.29117488861084,10.29117488861084,3.5325620174408043
1.3271939754486084,0,0.9137231865193494,2.354022185007731,1.5343843301137288,15.499987602233887,451.9722595214844,294.60179138183594,10.761641502380371,10.761641502380371,170.62797546386722
1.3427269458770752,0,0.99,2.276356061299642,1.5502439737319946,15.12952709197998,437.06036376953125,297.64684295654297,11.383904457092285,11.383904457092285,175.4866943359375
1.3481299877166748,0,0.99,2.281581401824951,1.5800370971361797,18.783512115478516,438.0636291503906,303.3671226501465,11.2383451461792,11.2383451461792,179.39373779296875
1.3532180786132812,0,0.99,2.535698095957438,1.6076765457789104,13.050829887390137,486.8540344238281,308.6738967895508,10.474241256713867,10.474241256713867,113.59193420410156
1.3595430850982666,0,0.6840513261513386,2.3938660621643066,1.7167526086171467,49.55064010620117,459.6222839355469,329.6165008544922,48.16382598876953,48.16382598876953,150.0336151123047
1.3666551113128662,0,0.0,0.0,0.0,0.0,0.0,0.0,0.0,0.0,-90.0
1.3779029846191406,0,0.0,0.0,0.0,0.0,0.0,0.0,0.0,0.0,-90.0
1.3876800537109375,0,0.8776428212096358,1.6340697606404622,1.9232502778371174,20.9506778717041,313.74139404296875,369.26405334472656,10.891766548156738,10.891766548156738,16.46072959899902
1.393890142440796,0,0.6810194981570147,1.7124522527058919,1.7586368719736736,17.078018188476562,328.79083251953125,337.6582794189453,13.676382064819336,13.676382064819336,98.5429229736328
1.4035978317260742,0,0.0,0.0,0.0,0.0,0.0,0.0,0.0,0.0,-90.0
1.408653974533081,0,0.0,0.0,0.0,0.0,0.0,0.0,0.0,0.0,-90.0
1.413161039352417,0,0.0,0.0,0.0,0.0,0.0,0.0,0.0,0.0,-90.0
1.4155631065368652,0,0.5391022161866904,2.3983279863993325,1.1322747866312664,86.61253356933594,460.4789733886719,217.39675903320312,82.22607421875,82.22607421875,172.45584106445315
1.4295051097869873,0,0.0,0.0,0.0,0.0,0.0,0.0,0.0,0.0,-90.0
1.4346928596496582,0,0.0,0.0,0.0,0.0,0.0,0.0,0.0,0.0,-90.0
1.4399991035461426,0,0.0,0.0,0.0,0.0,0.0,0.0,0.0,0.0,-90.0
1.4441969394683838,0,0.99,2.419999599456787,1.089989185333252,89.98660278320312,464.6399230957031,209.27792358398438,84.09699249267578,84.09699249267578,13.320596694946287
1.4501709938049316,0,0.9001584532566227,2.419137954711914,1.0917741457621257,89.91571807861328,464.4744873046875,209.62063598632812,83.70650482177734,83.70650482177734,10.443264961242678
1.4539189338684082,0,0.9988727740762897,2.418859322865804,1.0930134455362956,89.22514343261719,464.4209899902344,209.85858154296875,83.00739288330078,83.00739288330078,8.367217063903809
1.4581451416015625,0,0.9837455522597338,2.4173521995544434,1.0934667587280273,89.95231628417969,464.1316223144531,209.94561767578125,83.62049102783203,83.62049102783203,10.570106506347656
1.4627230167388916,0,1.0,2.41597588857015,1.0931289196014404,89.8681869506836,463.86737060546875,209.88075256347656,83.38225555419922,83.38225555419922,11.154836654663091
1.4674279689788818,0,1.0,2.4154109954833984,1.0938745339711506,89.4566650390625,463.7589111328125,210.02391052246094,83.20050811767578,83.20050811767578,11.298597335815433
1.471580982208252,0,1.0,2.4134252866109214,1.0950442949930828,88.8024673461914,463.3776550292969,210.24850463867188,82.93197631835938,82.93197631835938,9.758674621582031
1.4757239818572998,0,1.0,2.411919116973877,1.0968139171600342,88.4710464477539,463.0884704589844,210.58827209472656,82.93873596191406,82.93873596191406,9.862839698791513
1.4798500537872314,0,1.0,2.41105047861735,1.0965941747029622,88.49129486083984,462.92169189453125,210.54608154296875,82.54995727539062,82.54995727539062,10.887164115905765
1.483940839767456,0,0.0,0.0,0.0,0.0,0.0,0.0,0.0,0.0,-90.0
1.4920158386230469,0,0.99,2.2224485079447427,1.0502135753631592,87.72713470458984,426.7101135253906,201.64100646972656,85.37810516357422,85.37810516357422,3.6967923641204803
1.4993140697479248,0,1.0,2.223726749420166,1.0518480936686199,88.02568817138672,426.9555358886719,201.954833984375,85.23846435546875,85.23846435546875,4.309945106506345
1.5033700466156006,0,1.0,2.2270541191101074,1.0533246994018555,88.26953887939453,427.5943908691406,202.23834228515625,84.84239959716797,84.84239959716797,18.74622535705566
1.507483959197998,0,1.0,2.2284860610961914,1.0556736787160237,87.51960754394531,427.86932373046875,202.68934631347656,84.30150604248047,84.30150604248047,20.640624999999993
1.5117909908294678,0,0.9599773175691344,2.351806322733561,1.0314591725667317,85.98470306396484,451.54681396484375,198.0401611328125,81.09617614746094,81.09617614746094,166.11186218261713
1.5306949615478516,0,0.0,0.0,0.0,0.0,0.0,0.0,0.0,0.0,-90.0
1.5374369621276855,0,0.9211303229083666,2.4067503611246743,1.0390270551045735,85.31473541259766,462.0960693359375,199.49319458007812,80.52156066894531,80.52156066894531,179.24977111816403
1.5664489269256592,0,1.0,2.404524326324463,1.039752721786499,86.76529693603516,461.6686706542969,199.6325225830078,80.92613983154297,80.92613983154297,4.147581100463865
1.570274829864502,0,1.0,2.401158014933268,1.0390156110127766,86.78942108154297,461.0223388671875,199.49099731445312,80.73350524902344,80.73350524902344,4.9088444709777805
1.5749578475952148,0,0.0,0.0,0.0,0.0,0.0,0.0,0.0,0.0,-90.0
1.5826308727264404,0,0.9191605791537587,2.0277045567830405,0.9725294907887777,87.19746398925781,389.31927490234375,186.7256622314453,85.95278930664062,85.95278930664062,72.05247497558595
1.5898168087005615,0,1.0,2.019707997639974,0.9755198160807291,87.97466278076172,387.783935546875,187.2998046875,85.25135040283203,85.25135040283203,63.14055252075195
1.5939640998840332,0,1.0,2.013591925303141,0.9773132006327311,88.8530044555664,386.6096496582031,187.64413452148438,85.21353912353516,85.21353912353516,46.71237182617188
1.5976519584655762,0,0.0,2.0518309275309243,0.9861725171407064,87.02172088623047,393.9515380859375,189.34512329101562,81.92640686035156,81.92640686035156,15.489451408386229
1.6205549240112305,0,0.6710495697765974,2.2672160466512046,1.0725732644399006,91.159423828125,435.30548095703125,205.93406677246094,78.41709899902344,78.41709899902344,2.6567709445953325
1.6315879821777344,0,0.940660397535504,2.33479642868042,1.117371400197347,88.60698699951172,448.2809143066406,214.53530883789062,86.67359924316406,86.67359924316406,16.06189346313476
1.6392340660095215,0,0.9345302217328282,2.33205779393514,1.1175325711568196,89.29248809814453,447.7550964355469,214.56625366210938,85.42724609375,85.42724609375,24.680923461914066
1.643716812133789,0,1.0,2.328230698903402,1.1178946495056152,90.01976013183594,447.0202941894531,214.63577270507812,85.75062561035156,85.75062561035156,24.96922874450683
1.6475768089294434,0,1.0,2.3268078168233237,1.1198375225067139,89.94622039794922,446.7471008300781,215.00880432128906,85.36251068115234,85.36251068115234,21.73246765136718
1.6514708995819092,0,0.7642533421910835,2.3883139292399087,1.1493396759033203,90.4556655883789,458.5562744140625,220.6732177734375,83.57237243652344,83.57237243652344,179.10711669921872
1.6626989841461182,0,0.7664834640438349,2.456672191619873,1.1872948010762532,90.02019500732422,471.6810607910156,227.96060180664062,82.66036987304688,82.66036987304688,8.767543792724602
1.6981258392333984,0,0.9001401347252695,2.4575959841410318,1.1884074211120605,89.98927307128906,471.8584289550781,228.17422485351562,81.9805908203125,81.9805908203125,11.00954914093018
1.7024340629577637,0,0.8883264659890742,2.457273801167806,1.1910068194071453,89.8569107055664,471.79656982421875,228.67330932617188,81.50593566894531,81.50593566894531,14.799972534179679
1.7064661979675293,0,0.9748338853784944,2.4570093154907227,1.193400780359904,90.19082641601562,471.74578857421875,229.13294982910156,82.41585540771484,82.41585540771484,22.453422546386715
1.7102739810943604,0,0.9622218417766533,2.457552909851074,1.19424573580424,90.71240997314453,471.85015869140625,229.29518127441406,82.27631378173828,82.27631378173828,22.82116317749024
1.7141799926757812,0,0.9805872692025304,2.4579056104024253,1.194542646408081,90.007080078125,471.9178771972656,229.35218811035156,82.14836120605469,82.14836120605469,21.60400009155273
1.7180070877075195,0,1.0,2.457836469014486,1.1938318411509197,89.98681640625,471.90460205078125,229.21571350097656,81.249267578125,81.249267578125,17.06118774414063
1.7218198776245117,0,0.9749763469521042,2.4580116271972656,1.1953795750935872,89.72721099853516,471.938232421875,229.51287841796875,80.78495788574219,80.78495788574219,19.447986602783203
1.7255570888519287,0,0.9219761909419546,2.4580742518107095,1.1958159605662029,90.13653564453125,471.95025634765625,229.59666442871094,80.62028503417969,80.62028503417969,18.390207290649418
1.7297940254211426,0,0.8409924142432033,2.457728068033854,1.1966932614644368,89.93460083007812,471.8837890625,229.76510620117188,80.29606628417969,80.29606628417969,16.860731124877933
1.7340948581695557,0,0.8475125726406532,2.457766532897949,1.1964369614919026,89.67578125,471.89117431640625,229.7158966064453,80.26849365234375,80.26849365234375,15.727625846862797
1.7384028434753418,0,0.9322482847662172,2.457502524058024,1.1966098149617512,89.3243637084961,471.8404846191406,229.74908447265625,80.37622833251953,80.37622833251953,17.11648559570312
1.7423088550567627,0,0.8421423972896491,2.458291530609131,1.1964036623636882,88.7953109741211,471.9919738769531,229.70950317382812,80.42744445800781,80.42744445800781,18.37582778930664
1.7466681003570557,0,0.979446440026642,2.4584380785624185,1.1958537101745605,88.43448638916016,472.0201110839844,229.60391235351562,79.97489929199219,79.97489929199219,17.619047164917
1.750399112701416,0,1.0,2.459275245666504,1.1946077346801758,87.89126586914062,472.18084716796875,229.36468505859375,79.47702026367188,79.47702026367188,17.750135421752923
1.7547719478607178,0,0.9797961490156126,2.4585679372151694,1.1952824592590332,87.44198608398438,472.0450439453125,229.49423217773438,79.2162857055664,79.2162857055664,19.176593780517585
1.7585780620574951,0,0.8907027577014404,2.4580725034077964,1.195393482844035,87.39253234863281,471.9499206542969,229.5155487060547,78.82572937011719,78.82572937011719,17.76161003112793
1.7622900009155273,0,0.8096729790549613,2.3157337506612143,1.1826897462209065,89.39208221435547,444.6208801269531,227.07643127441406,81.93309783935547,81.93309783935547,48.63776397705079
1.794386863708496,0,0.99,2.271538416544596,1.179854949315389,87.0246353149414,436.1353759765625,226.5321502685547,83.46583557128906,83.46583557128906,39.289871215820305
1.8013789653778076,0,1.0,2.2726893424987793,1.1829985777537029,87.46900177001953,436.3563537597656,227.13572692871094,82.96354675292969,82.96354675292969,36.98889541625978
1.805783987045288,0,1.0,2.272355238596598,1.1827654838562012,86.84861755371094,436.2922058105469,227.09097290039062,82.26985931396484,82.26985931396484,33.36700820922854
1.8099641799926758,0,1.0,2.2721945444742837,1.1837241649627686,86.721923828125,436.2613525390625,227.27503967285156,82.29341888427734,82.29341888427734,34.65976333618164
1.8138320446014404,0,1.0,2.2712594668070474,1.1852821509043376,86.61730194091797,436.0818176269531,227.5741729736328,82.0065689086914,82.0065689086914,32.5020866394043
1.8182909488677979,0,1.0,2.2704008420308432,1.1864254474639893,86.20648193359375,435.9169616699219,227.79368591308594,81.51095581054688,81.51095581054688,30.750202178955092
1.8227221965789795,0,1.0,2.270147959391276,1.1858953634897869,86.18031311035156,435.868408203125,227.69190979003906,81.54679107666016,81.54679107666016,30.497310638427738
1.827199935913086,0,1.0,2.2698489824930825,1.1865276495615642,85.70547485351562,435.8110046386719,227.8133087158203,81.25152587890625,81.25152587890625,26.805757522583033
1.8316118717193604,0,1.0,2.2695792516072593,1.187231222788493,85.241455078125,435.75921630859375,227.94839477539062,81.20101165771484,81.20101165771484,26.160457611083988
1.8360810279846191,0,1.0,2.266809622446696,1.1856207847595215,84.98426055908203,435.2274475097656,227.63919067382812,81.27708435058594,81.27708435058594,32.832035064697266
1.8405251502990723,0,0.99,2.2538086573282876,1.1085885365804036,84.29266357421875,432.73126220703125,212.8489990234375,82.12557220458984,82.12557220458984,5.754481315612786
1.8474481105804443,0,1.0,2.251878579457601,1.1117138862609863,85.26322937011719,432.3606872558594,213.44906616210938,82.34845733642578,82.34845733642578,16.164850234985348
1.8512840270996094,0,1.0,2.2500502268473306,1.1117985248565674,84.60697174072266,432.0096435546875,213.46531677246094,82.83726501464844,82.83726501464844,20.77470970153809
1.8551139831542969,0,1.0,2.249648412068685,1.111629803975423,83.834228515625,431.9324951171875,213.43292236328125,81.97093200683594,81.97093200683594,15.139686584472663
1.8588628768920898,0,0.8374111783913013,2.225783189137777,1.1056118806203206,84.27139282226562,427.3503723144531,212.27748107910156,79.13634490966797,79.13634490966797,44.73858642578124
1.8727800846099854,0,0.0,1.9768476486206055,1.012743314107259,80.6530532836914,379.55474853515625,194.44671630859375,73.48616790771484,73.48616790771484,16.953605651855476
1.8860669136047363,0,0.5863650255371419,1.7502758502960205,0.9313993453979492,73.98291015625,336.05296325683594,178.82867431640625,65.95803833007812,65.95803833007812,8.556265830993652
1.894294023513794,0,0.0,0.0,0.0,0.0,0.0,0.0,0.0,0.0,-90.0
1.8969428539276123,0,0.0,0.0,0.0,0.0,0.0,0.0,0.0,0.0,-90.0
1.8999700546264648,0,0.0,0.0,0.0,0.0,0.0,0.0,0.0,0.0,-90.0
1.9071359634399414,0,0.6693626598331472,1.4810169537862141,0.9643882115681967,81.35163879394531,284.3552551269531,185.16253662109375,68.65057373046875,68.65057373046875,14.669606208801262
1.9126160144805908,0,0.6677985877218475,1.4797767003377278,0.9694829781850179,82.93994140625,284.11712646484375,186.14073181152344,68.96974182128906,68.96974182128906,14.316562652587882
1.9161291122436523,0,0.7463398280668727,1.4753103256225586,0.9758633772532145,85.20077514648438,283.25958251953125,187.3657684326172,69.72592163085938,69.72592163085938,16.820707321167
1.91957688331604,0,0.7485236218107438,1.4721837838490803,0.9791308244069418,86.4122543334961,282.65928649902344,187.9931182861328,70.20977783203125,70.20977783203125,17.885795593261722
1.922895908355713,0,0.8431175276286353,1.4696791966756184,0.9794251918792725,85.14846801757812,282.17840576171875,188.0496368408203,70.6849136352539,70.6849136352539,17.656890869140632
1.9262659549713135,0,0.8555722454223869,1.468543291091919,0.9779712359110514,84.63880920410156,281.96031188964844,187.77047729492188,71.1911392211914,71.1911392211914,16.744623184204105
1.929621934890747,0,0.9284949255168158,1.4657132625579834,0.9777718385060629,85.17772674560547,281.4169464111328,187.73219299316406,71.54780578613281,71.54780578613281,15.855730056762695
1.9329149723052979,0,0.8924091389012538,1.4633104801177979,0.9778228600819906,85.86782836914062,280.9556121826172,187.7419891357422,71.61066436767578,71.61066436767578,17.774745941162102
1.9361968040466309,0,0.5917176240912758,1.3800710042317708,1.0369024276733398,84.13179016113281,264.9736328125,199.08526611328125,65.94023132324219,65.94023132324219,179.22093200683594
1.9423339366912842,0,0.6292635914426365,1.285251299540202,0.9998549620310465,55.21087646484375,246.76824951171875,191.97215270996094,50.974327087402344,50.974327087402344,53.96895599365236
1.9484269618988037,0,0.0,0.0,0.0,0.0,0.0,0.0,0.0,0.0,-90.0
1.95176100730896,0,0.7850284407502685,1.286658525466919,0.3732537031173706,31.44208526611328,247.03843688964844,71.66471099853516,11.675073623657227,11.675073623657227,91.30229949951172
1.9608991146087646,0,0.6142546800083976,1.6342784563700359,0.9589508374532064,50.268089294433594,313.7814636230469,184.11856079101562,25.406803131103516,25.406803131103516,87.90507507324219
1.9723379611968994,0,0.7350894973195338,1.95622714360555,1.1362218856811523,88.99256896972656,375.5956115722656,218.15460205078125,82.42113494873047,82.42113494873047,159.64930725097656
1.9797420501708984,0,0.99,2.173288663228353,1.1692992051442463,87.99040222167969,417.27142333984375,224.5054473876953,85.8037338256836,85.8037338256836,156.6625671386719
2.000131845474243,0,0.0,0.0,0.0,0.0,0.0,0.0,0.0,0.0,-90.0
2.007063150405884,0,0.99,2.276669184366862,1.190049171447754,88.99122619628906,437.1204833984375,228.48944091796875,85.88783264160156,85.88783264160156,35.529319763183594
2.012507915496826,0,1.0,2.2730318705240884,1.1940717697143555,89.3647232055664,436.422119140625,229.26177978515625,85.93628692626953,85.93628692626953,35.67593765258789
2.0172770023345947,0,1.0,2.267991860707601,1.1982078552246094,89.58020782470703,435.4544372558594,230.055908203125,85.7849349975586,85.7849349975586,33.656658172607415
2.0216410160064697,0,1.0,2.2629764874776206,1.2016122341156006,89.3718032836914,434.4914855957031,230.7095489501953,85.50648498535156,85.50648498535156,35.352611541748054
2.0259878635406494,0,1.0,2.260493596394857,1.2045927842458088,89.32768249511719,434.0147705078125,231.2818145751953,85.35993957519531,85.35993957519531,29.82462120056153
2.0302798748016357,0,1.0,2.2584020296732583,1.2073712348937988,89.53206634521484,433.6131896972656,231.81527709960938,85.44729614257812,85.44729614257812,29.545146942138683
2.034569025039673,0,1.0,2.257942040761312,1.2078746159871419,89.24007415771484,433.5248718261719,231.91192626953125,85.20111083984375,85.20111083984375,29.184129714965827
2.038832902908325,0,1.0,2.257185459136963,1.2088274161020915,88.91777801513672,433.3796081542969,232.09486389160156,84.845947265625,84.845947265625,33.43663787841794
2.04315185546875,0,1.0,2.2574996948242188,1.210092544555664,88.66190338134766,433.43994140625,232.3377685546875,84.3883285522461,84.3883285522461,30.112798690795902
2.0474250316619873,0,1.0,2.25813357035319,1.2092621326446533,87.61527252197266,433.5616455078125,232.17832946777344,83.86634063720703,83.86634063720703,28.852098464965845
2.0517430305480957,0,0.0,0.0,0.0,0.0,0.0,0.0,0.0,0.0,-90.0
2.055994987487793,0,0.0,0.0,0.0,0.0,0.0,0.0,0.0,0.0,-90.0
2.0605549812316895,0,0.0,0.0,0.0,0.0,0.0,0.0,0.0,0.0,-90.0
2.0650298595428467,0,0.99,2.3154112497965493,1.1443554560343425,85.22315979003906,444.5589599609375,219.71624755859375,81.9080581665039,81.9080581665039,23.71529769897462
2.069849967956543,0,1.0,2.313570181528727,1.1454002857208252,84.45231628417969,444.2054748535156,219.91685485839844,81.02959442138672,81.02959442138672,27.810400009155273
2.073988914489746,0,1.0,2.3129183451334634,1.1452730496724446,83.4546127319336,444.080322265625,219.89242553710938,80.95626068115234,80.95626068115234,22.649122238159173
2.0780029296875,0,1.0,2.312383492787679,1.1460564136505127,83.35836791992188,443.9776306152344,220.04283142089844,80.32987213134766,80.32987213134766,25.846025466918945
2.0820019245147705,0,1.0,2.3112540245056152,1.1457494894663494,83.0444564819336,443.7607727050781,219.98390197753906,79.9916000366211,79.9916000366211,25.698263168334957
2.085942029953003,0,1.0,2.3110861778259277,1.1465267340342205,82.78227996826172,443.7285461425781,220.1331329345703,79.81405639648438,79.81405639648438,26.294847488403324
2.089998960494995,0,1.0,2.3094674746195474,1.1468676726023357,82.60868835449219,443.4177551269531,220.19859313964844,79.64991760253906,79.64991760253906,28.67739105224609
2.0939180850982666,0,0.0,0.0,0.0,0.0,0.0,0.0,0.0,0.0,-90.0
2.099018096923828,0,0.0,0.0,0.0,0.0,0.0,0.0,0.0,0.0,-90.0
2.103501081466675,0,0.99,2.2888598442077637,1.1134567260742188,82.19634246826172,439.4610900878906,213.78369140625,79.75092315673828,79.75092315673828,21.096401214599613
2.108450174331665,0,1.0,2.288158893585205,1.1147340138753254,82.60932922363281,439.3265075683594,214.0289306640625,80.2168960571289,80.2168960571289,25.59473991394042
2.1130640506744385,0,1.0,2.285853544871012,1.1160407066345215,82.74249267578125,438.8838806152344,214.27981567382812,80.75310516357422,80.75310516357422,26.897418975830075
2.117238998413086,0,1.0,2.285946846008301,1.1163314978281658,82.91545104980469,438.90179443359375,214.3356475830078,81.47654724121094,81.47654724121094,25.642904281616232
2.1215009689331055,0,1.0,2.2860838572184243,1.117965857187907,82.99340057373047,438.9281005859375,214.64944458007812,81.48208618164062,81.48208618164062,30.57605552673339
2.125756025314331,0,1.0,2.2865114212036133,1.1176818211873372,83.1553955078125,439.01019287109375,214.59490966796875,81.7836685180664,81.7836685180664,25.40852355957032
2.1299359798431396,0,1.0,2.286569595336914,1.1175983746846516,83.26252746582031,439.0213623046875,214.57888793945312,81.82230377197266,81.82230377197266,20.43432998657226
2.1340558528900146,0,1.0,2.2870442072550454,1.1179612477620442,83.49430847167969,439.11248779296875,214.6485595703125,81.92127227783203,81.92127227783203,17.544324874877923
2.1382248401641846,0,1.0,2.2879878679911294,1.1183889706929524,83.64414978027344,439.2936706542969,214.73068237304688,82.327392578125,82.327392578125,31.1057987213135
2.1423580646514893,0,1.0,2.284871737162272,1.1170446872711182,84.52427673339844,438.69537353515625,214.4725799560547,82.06758117675781,82.06758117675781,37.82166671752931
2.14644193649292,0,0.653071791774848,2.1508544286092124,1.0551732381184895,84.1018295288086,412.96405029296875,202.59326171875,79.635498046875,79.635498046875,66.61824798583984
2.159505844116211,0,0.8247500534207107,1.9449222087860107,0.9710674285888672,85.28515625,373.42506408691406,186.4449462890625,79.06953430175781,79.06953430175781,60.86645507812502
2.1676790714263916,0,0.0,0.0,0.0,0.0,0.0,0.0,0.0,0.0,-90.0
2.1722829341888428,0,0.6440896706316913,1.8012829621632893,0.9189898173014323,80.20362091064453,345.84632873535156,176.446044921875,67.79660034179688,67.79660034179688,14.555405616760252
2.1815779209136963,0,0.8691945050677259,1.7642988363901775,0.9259232680002848,83.90113830566406,338.74537658691406,177.7772674560547,77.90930938720703,77.90930938720703,40.50827407836913
2.1859209537506104,0,0.866658612051328,1.7620985507965088,0.9288427829742432,83.14888763427734,338.3229217529297,178.3378143310547,77.82933044433594,77.82933044433594,33.878292083740234
2.1892030239105225,0,0.8692203058718917,1.7564414342244465,0.9335270722707113,83.82149505615234,337.23675537109375,179.23719787597656,77.99700164794922,77.99700164794922,34.812801361083984
2.192502975463867,0,0.8878346563831485,1.751773198445638,0.9377551078796387,84.62116241455078,336.3404541015625,180.04898071289062,78.09251403808594,78.09251403808594,33.18366241455078
2.1964049339294434,0,0.8624407649040222,1.749612808227539,0.9406102498372396,85.03449249267578,335.9256591796875,180.59716796875,78.02362060546875,78.02362060546875,35.546489715576165
2.2002298831939697,0,0.885795496729088,1.7479206720987956,0.9414302508036295,85.41441345214844,335.60076904296875,180.75460815429688,78.38264465332031,78.38264465332031,36.783500671386726
2.2042901515960693,0,0.8679099978090363,1.7461504936218262,0.9417775472005209,85.62794494628906,335.2608947753906,180.8212890625,78.64193725585938,78.64193725585938,34.498279571533196
2.208159923553467,0,0.8879950458676831,1.7469735145568848,0.941270112991333,85.36886596679688,335.4189147949219,180.72386169433594,78.77567291259766,78.77567291259766,34.31159210205079
2.2120800018310547,0,0.9126454135419237,1.7445815404256184,0.9422378540039062,86.95452117919922,334.95965576171875,180.90966796875,78.97616577148438,78.97616577148438,35.0347900390625
2.2160279750823975,0,0.905795693397522,1.7431988716125488,0.9418203830718994,86.56505584716797,334.6941833496094,180.8295135498047,78.50132751464844,78.50132751464844,32.3179397583008
2.2200851440429688,0,0.8526034254805168,1.7501179377237956,0.9418891270955404,86.48127746582031,336.02264404296875,180.84271240234375,78.41475677490234,78.41475677490234,28.376087188720685
2.2239298820495605,0,0.0,0.0,0.0,0.0,0.0,0.0,0.0,0.0,-90.0
2.2275888919830322,0,0.0,0.0,0.0,0.0,0.0,0.0,0.0,0.0,-90.0
2.2324559688568115,0,0.0,0.0,0.0,0.0,0.0,0.0,0.0,0.0,-90.0
2.2380259037017822,0,0.7937006504901316,2.0269745190938315,0.9629577795664469,88.47613525390625,389.1791076660156,184.8878936767578,85.56533813476562,85.56533813476562,83.41120910644531
2.2461559772491455,0,0.9856374218645172,2.0243568420410156,0.9630851745605469,87.86971282958984,388.676513671875,184.912353515625,85.63243865966797,85.63243865966797,55.90216064453125
2.25030779838562,0,0.9744781636864133,2.023589293162028,0.9648264249165853,87.9991226196289,388.5291442871094,185.24667358398438,86.04537963867188,86.04537963867188,51.09011459350584
2.253973960876465,0,0.9158401185871128,2.02431853612264,0.965324322382609,87.42915344238281,388.6691589355469,185.34226989746094,86.30115509033203,86.30115509033203,49.5245590209961
2.257683038711548,0,0.9745364320302201,2.024679660797119,0.9656898975372314,87.5569076538086,388.7384948730469,185.41246032714844,86.47881317138672,86.47881317138672,49.830436706542976
2.2612738609313965,0,0.647317962597946,2.0656474431355796,1.0178376038869221,74.69023895263672,396.60430908203125,195.42481994628906,72.82482147216797,72.82482147216797,132.61195373535156
2.276632070541382,0,0.0,2.2578550974527993,1.0890224774678547,88.35224151611328,433.5081787109375,209.09231567382812,87.35675048828125,87.35675048828125,55.50331497192383
2.2889649868011475,0,1.0,2.263333320617676,1.0950857798258464,88.11243438720703,434.55999755859375,210.2564697265625,87.31123352050781,87.31123352050781,14.639944076538095
2.2941219806671143,0,1.0,2.2676568031311035,1.0990715026855469,88.75238800048828,435.3901062011719,211.021728515625,86.83199310302734,86.83199310302734,12.410245895385739
2.298626184463501,0,1.0,2.2731827100118003,1.1015512943267822,89.79273986816406,436.4510803222656,211.4978485107422,86.77938842773438,86.77938842773438,15.493489265441895
2.30344820022583,0,1.0,2.2781567573547363,1.103257656097412,89.83606719970703,437.4060974121094,211.82546997070312,86.4641342163086,86.4641342163086,10.052796363830563
2.307638168334961,0,1.0,2.2805026372273765,1.1049952507019043,89.60752868652344,437.85650634765625,212.15908813476562,86.71591186523438,86.71591186523438,12.868717193603521
2.311739921569824,0,1.0,2.2824328740437827,1.10545015335083,89.8185806274414,438.22711181640625,212.24642944335938,86.16999053955078,86.16999053955078,11.472214698791511
2.3161427974700928,0,1.0,2.2833097775777182,1.106814702351888,90.43128204345703,438.3954772949219,212.5084228515625,86.96400451660156,86.96400451660156,16.42785263061524
